segment,total_ecl,total_ead,alll_ratio,view,count,mean_ecl
A,36856072.31911623,1654163802.2890637,0.02228078759075376,Central,235095,156.7709747936631
B,162359871.417144,2884720285.796932,0.05628270866209494,Central,392748,413.3945212124416
C,329643991.2207041,3327625111.656917,0.09906283915995728,Central,381694,863.6341970811804
D,282994035.8044675,2047266226.9225864,0.13823020771942252,Central,200966,1408.168724085007
E,210257233.70975503,1200356891.958043,0.1751622664212639,Central,93656,2244.9948076979053
F,96405670.63235252,472994587.6847104,0.20381981769443583,Central,32059,3007.1328061496774
G,33292526.67486268,149716495.3402161,0.22237046491910373,Central,9132,3645.6993730686245
