segment,total_ecl,total_ead,count,alll_ratio,qualitative_adjustment,view,mean_ecl
A,120649967.96864,1654163802.2890637,235095,0.0729371346427012,0.0,Post-FEG,513.1966565373147
B,517766049.8391987,2884720285.796932,392748,0.1794857034799687,0.0,Post-FEG,1318.3161972542157
C,1009328560.7477117,3327625111.656917,381694,0.3033179901221321,0.0,Post-FEG,2644.3396038389697
D,849623687.7357664,2047266226.9225864,200966,0.41500400708163165,0.0,Post-FEG,4227.698654179147
E,618599329.3506436,1200356891.958043,93656,0.515346172038529,0.0,Post-FEG,6605.015475256723
F,276470936.6583439,472994587.6847104,32059,0.5845118397900875,0.0,Post-FEG,8623.816608700954
G,94632926.23877883,149716495.3402161,9132,0.6320808273245694,0.0,Post-FEG,10362.782111123393
