scenario,avg_mult,avg_fr30,avg_ftr
baseline,0.0,0.04548876209990278,0.037988521280742475
central,-0.4354338096657299,0.02865831295599162,0.018322745665108168
mild,0.61705665540779,0.07355790549990944,0.07322691893316471
stress,2.6134537331194587,0.16437153722487663,0.16437153722487663
