scenario,avg_stress_mult,avg_fr30,avg_ftr
central,-0.43543380966573014,0.028658312955991614,0.018322745665108157
mild,0.6170566554077903,0.07355790549990945,0.07322691893316476
stress,2.61345373311946,0.1643715372248767,0.1643715372248767
