{
  "logistic_regression": {
    "train": {
      "AUC": 0.716908111434604,
      "Gini": 0.43381622286920796,
      "KS": 0.31552396653491255,
      "Brier": 0.1359338877985843
    },
    "validation": {
      "AUC": 0.7074916959252217,
      "Gini": 0.4149833918504433,
      "KS": 0.29897943613131733,
      "Brier": 0.164235771679277
    },
    "test": {
      "AUC": 0.6930794060444279,
      "Gini": 0.3861588120888557,
      "KS": 0.2801364119537994,
      "Brier": 0.1563039836828909
    },
    "n_features": 13,
    "features": [
      "grade",
      "term",
      "loan_to_income",
      "fico_range_low",
      "acc_open_past_24mths",
      "dti",
      "bc_open_to_buy",
      "verification_status",
      "avg_cur_bal",
      "mo_sin_rcnt_tl",
      "annual_inc",
      "mths_since_recent_inq",
      "num_actv_rev_tl"
    ]
  },
  "xgboost_full": {
    "train": {
      "AUC": 0.7582,
      "Gini": 0.5165,
      "KS": 0.3768,
      "Brier": 0.129
    },
    "validation": {
      "AUC": 0.7286,
      "Gini": 0.4571,
      "KS": 0.3306,
      "Brier": 0.1579
    },
    "test": {
      "AUC": 0.7202,
      "Gini": 0.4403,
      "KS": 0.3201,
      "Brier": 0.1508
    },
    "n_features": 101,
    "best_params": {
      "n_estimators": 1948,
      "max_depth": 5,
      "learning_rate": 0.0391334743391237,
      "subsample": 0.5017806615504058,
      "colsample_bytree": 0.6425820284607691,
      "min_child_weight": 23,
      "reg_alpha": 8.964592852736423,
      "reg_lambda": 0.014790975660203091
    },
    "best_iteration": 1405,
    "train_time_s": 99.9,
    "tuning_time_s": 1800.7
  },
  "lightgbm_full": {
    "train": {
      "AUC": 0.7633,
      "Gini": 0.5266,
      "KS": 0.3852,
      "Brier": 0.1281
    },
    "validation": {
      "AUC": 0.728,
      "Gini": 0.4561,
      "KS": 0.3304,
      "Brier": 0.1578
    },
    "test": {
      "AUC": 0.7192,
      "Gini": 0.4384,
      "KS": 0.3186,
      "Brier": 0.1508
    },
    "n_features": 101,
    "best_params": {
      "n_estimators": 1594,
      "max_depth": 6,
      "learning_rate": 0.06327200633250882,
      "subsample": 0.5792731032364538,
      "colsample_bytree": 0.33382137404585244,
      "min_child_weight": 0.0019213970480529276,
      "reg_alpha": 8.526970601266344,
      "reg_lambda": 4.875750956053472,
      "num_leaves": 211,
      "min_child_samples": 162
    },
    "best_iteration": 641,
    "train_time_s": 36.3,
    "tuning_time_s": 974.5
  },
  "xgboost_selected": {
    "train": {
      "AUC": 0.7576,
      "Gini": 0.5153,
      "KS": 0.3759,
      "Brier": 0.1291
    },
    "validation": {
      "AUC": 0.7278,
      "Gini": 0.4557,
      "KS": 0.3292,
      "Brier": 0.1579
    },
    "test": {
      "AUC": 0.7199,
      "Gini": 0.4398,
      "KS": 0.3197,
      "Brier": 0.1509
    },
    "n_features": 50,
    "selected_features": [
      "term",
      "sub_grade",
      "dti",
      "acc_open_past_24mths",
      "grade",
      "annual_inc",
      "home_ownership",
      "loan_amnt",
      "mo_sin_old_rev_tl_op",
      "addr_state",
      "funded_amnt",
      "total_bc_limit",
      "percent_bc_gt_75",
      "total_il_high_credit_limit",
      "fico_range_low",
      "int_rate",
      "total_rev_hi_lim",
      "CSUSHPINSA",
      "DFF",
      "tot_hi_cred_lim",
      "mo_sin_rcnt_rev_tl_op",
      "bc_util",
      "num_rev_tl_bal_gt_0",
      "UNRATE",
      "mths_since_recent_bc",
      "credit_history_years",
      "inq_last_6mths",
      "emp_length_unknown",
      "mort_acc",
      "installment",
      "pct_tl_nvr_dlq",
      "revol_bal",
      "mths_since_recent_inq",
      "avg_cur_bal",
      "revol_util",
      "num_rev_accts",
      "mo_sin_rcnt_tl",
      "num_tl_op_past_12m",
      "num_il_tl",
      "num_bc_tl",
      "mths_since_last_delinq",
      "num_actv_rev_tl",
      "fico_range_high",
      "tot_cur_bal",
      "purpose",
      "total_bal_ex_mort",
      "total_acc",
      "emp_length",
      "funded_amnt_inv",
      "has_recent_bc_delinq"
    ],
    "best_iteration": 1446,
    "train_time_s": 77.6
  },
  "lightgbm_selected": {
    "train": {
      "AUC": 0.766,
      "Gini": 0.532,
      "KS": 0.3888,
      "Brier": 0.1276
    },
    "validation": {
      "AUC": 0.7274,
      "Gini": 0.4548,
      "KS": 0.3283,
      "Brier": 0.1578
    },
    "test": {
      "AUC": 0.7189,
      "Gini": 0.4378,
      "KS": 0.3172,
      "Brier": 0.1511
    },
    "n_features": 50,
    "selected_features": [
      "term",
      "sub_grade",
      "dti",
      "acc_open_past_24mths",
      "grade",
      "annual_inc",
      "home_ownership",
      "loan_amnt",
      "mo_sin_old_rev_tl_op",
      "addr_state",
      "funded_amnt",
      "total_bc_limit",
      "percent_bc_gt_75",
      "total_il_high_credit_limit",
      "fico_range_low",
      "int_rate",
      "total_rev_hi_lim",
      "CSUSHPINSA",
      "DFF",
      "tot_hi_cred_lim",
      "mo_sin_rcnt_rev_tl_op",
      "bc_util",
      "num_rev_tl_bal_gt_0",
      "UNRATE",
      "mths_since_recent_bc",
      "credit_history_years",
      "inq_last_6mths",
      "emp_length_unknown",
      "mort_acc",
      "installment",
      "pct_tl_nvr_dlq",
      "revol_bal",
      "mths_since_recent_inq",
      "avg_cur_bal",
      "revol_util",
      "num_rev_accts",
      "mo_sin_rcnt_tl",
      "num_tl_op_past_12m",
      "num_il_tl",
      "num_bc_tl",
      "mths_since_last_delinq",
      "num_actv_rev_tl",
      "fico_range_high",
      "tot_cur_bal",
      "purpose",
      "total_bal_ex_mort",
      "total_acc",
      "emp_length",
      "funded_amnt_inv",
      "has_recent_bc_delinq"
    ],
    "best_iteration": 770,
    "train_time_s": 28.3
  },
  "best_model": "xgboost_(full)",
  "best_selected_model": "xgboost_(top_50)",
  "feature_columns": [
    "loan_amnt",
    "funded_amnt",
    "funded_amnt_inv",
    "term",
    "int_rate",
    "installment",
    "grade",
    "sub_grade",
    "emp_length",
    "home_ownership",
    "annual_inc",
    "verification_status",
    "purpose",
    "addr_state",
    "dti",
    "delinq_2yrs",
    "fico_range_low",
    "fico_range_high",
    "inq_last_6mths",
    "mths_since_last_delinq",
    "open_acc",
    "pub_rec",
    "revol_bal",
    "revol_util",
    "total_acc",
    "initial_list_status",
    "collections_12_mths_ex_med",
    "application_type",
    "acc_now_delinq",
    "tot_coll_amt",
    "tot_cur_bal",
    "open_acc_6m",
    "open_act_il",
    "open_il_12m",
    "open_il_24m",
    "mths_since_rcnt_il",
    "total_bal_il",
    "il_util",
    "open_rv_12m",
    "open_rv_24m",
    "max_bal_bc",
    "all_util",
    "total_rev_hi_lim",
    "inq_fi",
    "total_cu_tl",
    "inq_last_12m",
    "acc_open_past_24mths",
    "avg_cur_bal",
    "bc_open_to_buy",
    "bc_util",
    "chargeoff_within_12_mths",
    "delinq_amnt",
    "mo_sin_old_il_acct",
    "mo_sin_old_rev_tl_op",
    "mo_sin_rcnt_rev_tl_op",
    "mo_sin_rcnt_tl",
    "mort_acc",
    "mths_since_recent_bc",
    "mths_since_recent_inq",
    "mths_since_recent_revol_delinq",
    "num_accts_ever_120_pd",
    "num_actv_bc_tl",
    "num_actv_rev_tl",
    "num_bc_sats",
    "num_bc_tl",
    "num_il_tl",
    "num_op_rev_tl",
    "num_rev_accts",
    "num_rev_tl_bal_gt_0",
    "num_sats",
    "num_tl_120dpd_2m",
    "num_tl_30dpd",
    "num_tl_90g_dpd_24m",
    "num_tl_op_past_12m",
    "pct_tl_nvr_dlq",
    "percent_bc_gt_75",
    "pub_rec_bankruptcies",
    "tax_liens",
    "tot_hi_cred_lim",
    "total_bal_ex_mort",
    "total_bc_limit",
    "total_il_high_credit_limit",
    "disbursement_method",
    "UNRATE",
    "CSUSHPINSA",
    "A191RL1Q225SBEA",
    "CPIAUCSL",
    "DFF",
    "UMCSENT",
    "has_public_record",
    "has_recent_bc_delinq",
    "has_major_derog",
    "no_revol_delinq",
    "no_delinq_history",
    "il_util_missing",
    "mths_since_rcnt_il_missing",
    "installment_features_missing",
    "emp_length_unknown",
    "mths_since_recent_inq_missing",
    "issue_year",
    "credit_history_years"
  ],