{
  "UNRATE": {
    "slope": 0.003160482024611453,
    "elasticity": 1.9145215151414923,
    "r_squared": 0.7049674623156507,
    "cv_mse": 0.00015422843403245146,
    "cv_std": 0.0001772361758236852
  },
  "CSUSHPINSA": {
    "slope": -0.0001634060755145256,
    "elasticity": -2.5,
    "r_squared": 0.7049674623156507,
    "cv_mse": 0.00015422843403245146,
    "cv_std": 0.0001772361758236852
  },
  "DFF": {
    "slope": 0.0025027552586174267,
    "elasticity": 0.20379649464848476,
    "r_squared": 0.7049674623156507,
    "cv_mse": 0.00015422843403245146,
    "cv_std": 0.0001772361758236852
  }
}