{
  "UNRATE": {
    "slope": 0.00316048202461145,
    "elasticity": 1.9145215151414903,
    "r_squared": 0.7049674623156508,
    "cv_mse": 0.00015422843403245143,
    "cv_std": 0.00017723617582368522
  },
  "CSUSHPINSA": {
    "slope": -0.00016340607551452557,
    "elasticity": -2.5,
    "r_squared": 0.7049674623156508,
    "cv_mse": 0.00015422843403245143,
    "cv_std": 0.00017723617582368522
  },
  "DFF": {
    "slope": 0.002502755258617427,
    "elasticity": 0.20379649464848482,
    "r_squared": 0.7049674623156508,
    "cv_mse": 0.00015422843403245143,
    "cv_std": 0.00017723617582368522
  }
}