Period,PSI,RAG
2016 (Validation),0.004325349035667763,GREEN
2017,0.009739843589425324,GREEN
2018,0.03551504146215009,GREEN
