{
  "selected_k": 50,
  "selected_features": [
    "term",
    "sub_grade",
    "dti",
    "acc_open_past_24mths",
    "grade",
    "annual_inc",
    "home_ownership",
    "loan_amnt",
    "mo_sin_old_rev_tl_op",
    "addr_state",
    "funded_amnt",
    "total_bc_limit",
    "percent_bc_gt_75",
    "total_il_high_credit_limit",
    "fico_range_low",
    "int_rate",
    "total_rev_hi_lim",
    "CSUSHPINSA",
    "DFF",
    "tot_hi_cred_lim",
    "mo_sin_rcnt_rev_tl_op",
    "bc_util",
    "num_rev_tl_bal_gt_0",
    "UNRATE",
    "mths_since_recent_bc",
    "credit_history_years",
    "inq_last_6mths",
    "emp_length_unknown",
    "mort_acc",
    "installment",
    "pct_tl_nvr_dlq",
    "revol_bal",
    "mths_since_recent_inq",
    "avg_cur_bal",
    "revol_util",
    "num_rev_accts",
    "mo_sin_rcnt_tl",
    "num_tl_op_past_12m",
    "num_il_tl",
    "num_bc_tl",
    "mths_since_last_delinq",
    "num_actv_rev_tl",
    "fico_range_high",
    "tot_cur_bal",
    "purpose",
    "total_bal_ex_mort",
    "total_acc",
    "emp_length",
    "funded_amnt_inv",
    "has_recent_bc_delinq"
  ],
  "macro_features_retained": [
    "CSUSHPINSA",
    "DFF",
    "UNRATE"
  ],
  "full_feature_count": 101,
  "sweep_results": [
    {
      "k": 15,
      "xgb_val_auc": 0.7169632204024832,
      "xgb_test_auc": 0.7068936531902728,
      "lgbm_val_auc": 0.7171687733303638,
      "lgbm_test_auc": 0.7072926289754757,
      "xgb_gap": 0.013306346809727199,
      "lgbm_gap": 0.011907371024524216,
      "avg_val_auc": 0.7170659968664235,
      "max_gap": 0.013306346809727199
    },
    {
      "k": 20,
      "xgb_val_auc": 0.7171004006372941,
      "xgb_test_auc": 0.7061695388722509,
      "lgbm_val_auc": 0.7166697381820768,
      "lgbm_test_auc": 0.7062834088493039,
      "xgb_gap": 0.014030461127749083,
      "lgbm_gap": 0.0129165911506961,
      "avg_val_auc": 0.7168850694096854,
      "max_gap": 0.014030461127749083
    },
    {
      "k": 25,
      "xgb_val_auc": 0.7200999549954156,
      "xgb_test_auc": 0.7087677575669248,
      "lgbm_val_auc": 0.7189803091368819,
      "lgbm_test_auc": 0.7090876441992235,
      "xgb_gap": 0.011432242433075168,
      "lgbm_gap": 0.010112355800776407,
      "avg_val_auc": 0.7195401320661488,
      "max_gap": 0.011432242433075168
    },
    {
      "k": 30,
      "xgb_val_auc": 0.7233876961615966,
      "xgb_test_auc": 0.712846115668122,
      "lgbm_val_auc": 0.7219857380544128,
      "lgbm_test_auc": 0.7118886758200904,
      "xgb_gap": 0.007353884331878002,
      "lgbm_gap": 0.00731132417990954,
      "avg_val_auc": 0.7226867171080047,
      "max_gap": 0.007353884331878002
    },
    {
      "k": 40,
      "xgb_val_auc": 0.7254664109881156,
      "xgb_test_auc": 0.715030679614968,
      "lgbm_val_auc": 0.7240752912789481,
      "lgbm_test_auc": 0.7146163471439557,
      "xgb_gap": 0.005169320385031928,
      "lgbm_gap": 0.004583652856044229,
      "avg_val_auc": 0.7247708511335318,
      "max_gap": 0.005169320385031928
    },
    {
      "k": 50,
      "xgb_val_auc": 0.7279576196958945,
      "xgb_test_auc": 0.7198984900576857,
      "lgbm_val_auc": 0.7273936638158682,
      "lgbm_test_auc": 0.7186676049907557,
      "xgb_gap": 0.00030150994231425976,
      "lgbm_gap": 0.0005323950092442908,
      "avg_val_auc": 0.7276756417558814,
      "max_gap": 0.0005323950092442908
    }
  ],
  "selection_criteria": "smallest k with test AUC within 0.005 of full model"
}