grade,n_loans,total_balance,avg_int_rate,default_rate,alll_ratio,annual_interest_income,annual_expected_loss,net_margin,net_margin_pct,spread_over_ecl
A,235095,3263735050.0,7.113041238648206,0.060426636040749486,0.0461947237064404,232150820.02671567,25025060.146334644,207125759.88038102,6.346279851373997,2.493568868004166
B,392748,5195857925.0,10.679135679876156,0.1338670088708281,0.1166908559899611,554872717.5443479,103784413.115072,451088304.4292759,8.681690510798095,-0.9899499191199528
C,381694,5413717400.0,14.021231038475847,0.2244127494799499,0.2053868367951604,759069824.4241676,192348296.85867238,566721527.5654953,10.468251031453827,-6.517452641040194
D,200966,3068057125.0,17.721691828468497,0.3038673208403411,0.2865924836576469,543711628.8138705,156653387.52661583,387058241.2872547,12.615744281073471,-10.937556537296192
E,93656,1648265625.0,21.138302404544287,0.3848231827111984,0.3631636659236455,348415372.2426519,103044058.26965292,245371313.97299898,14.886636610710061,-15.178064187820265
F,32059,611075025.0,24.9349661561496,0.45204154839514643,0.4225793242694348,152371350.67243272,43971208.5457426,108400142.12669012,17.739252578141304,-17.322966270793877
G,9132,187877125.0,27.725938458169075,0.49934296977660975,0.4610403535139667,52090696.054477386,14789063.37362427,37301632.68085311,19.854270540308253,-18.3780968932276
