{
  "selected_k": 50,
  "selected_features": [
    "term",
    "sub_grade",
    "dti",
    "acc_open_past_24mths",
    "grade",
    "annual_inc",
    "home_ownership",
    "loan_amnt",
    "mo_sin_old_rev_tl_op",
    "addr_state",
    "funded_amnt",
    "total_bc_limit",
    "percent_bc_gt_75",
    "total_il_high_credit_limit",
    "fico_range_low",
    "int_rate",
    "total_rev_hi_lim",
    "CSUSHPINSA",
    "DFF",
    "tot_hi_cred_lim",
    "mo_sin_rcnt_rev_tl_op",
    "bc_util",
    "num_rev_tl_bal_gt_0",
    "UNRATE",
    "mths_since_recent_bc",
    "credit_history_years",
    "inq_last_6mths",
    "emp_length_unknown",
    "mort_acc",
    "installment",
    "pct_tl_nvr_dlq",
    "revol_bal",
    "mths_since_recent_inq",
    "avg_cur_bal",
    "revol_util",
    "num_rev_accts",
    "mo_sin_rcnt_tl",
    "num_tl_op_past_12m",
    "num_il_tl",
    "num_bc_tl",
    "mths_since_last_delinq",
    "num_actv_rev_tl",
    "fico_range_high",
    "tot_cur_bal",
    "purpose",
    "total_bal_ex_mort",
    "total_acc",
    "emp_length",
    "funded_amnt_inv",
    "has_recent_bc_delinq"
  ],
  "macro_features_retained": [
    "CSUSHPINSA",
    "DFF",
    "UNRATE"
  ],
  "full_feature_count": 101,
  "sweep_results": [
    {
      "k": 15,
      "xgb_val_auc": 0.7174756265037174,
      "xgb_test_auc": 0.7074717432140648,
      "lgbm_val_auc": 0.7174216143848402,
      "lgbm_test_auc": 0.7073134840971651,
      "xgb_gap": 0.012728256785935144,
      "lgbm_gap": 0.011886515902834849,
      "avg_val_auc": 0.7174486204442788,
      "max_gap": 0.012728256785935144
    },
    {
      "k": 20,
      "xgb_val_auc": 0.7173487184261796,
      "xgb_test_auc": 0.7061695388722509,
      "lgbm_val_auc": 0.7162650481381829,
      "lgbm_test_auc": 0.7050816975239683,
      "xgb_gap": 0.014030461127749083,
      "lgbm_gap": 0.01411830247603163,
      "avg_val_auc": 0.7168068832821812,
      "max_gap": 0.01411830247603163
    },
    {
      "k": 25,
      "xgb_val_auc": 0.720199971901964,
      "xgb_test_auc": 0.7087677575669248,
      "lgbm_val_auc": 0.7192782012308108,
      "lgbm_test_auc": 0.709092450906226,
      "xgb_gap": 0.011432242433075168,
      "lgbm_gap": 0.010107549093773982,
      "avg_val_auc": 0.7197390865663874,
      "max_gap": 0.011432242433075168
    },
    {
      "k": 30,
      "xgb_val_auc": 0.7233257941497222,
      "xgb_test_auc": 0.7128494304464988,
      "lgbm_val_auc": 0.7220896665557378,
      "lgbm_test_auc": 0.7118886758200904,
      "xgb_gap": 0.007350569553501107,
      "lgbm_gap": 0.00731132417990954,
      "avg_val_auc": 0.7227077303527301,
      "max_gap": 0.007350569553501107
    },
    {
      "k": 40,
      "xgb_val_auc": 0.7253024847293102,
      "xgb_test_auc": 0.7150955253295628,
      "lgbm_val_auc": 0.7241421169731678,
      "lgbm_test_auc": 0.7146163471439557,
      "xgb_gap": 0.005104474670437176,
      "lgbm_gap": 0.004583652856044229,
      "avg_val_auc": 0.724722300851239,
      "max_gap": 0.005104474670437176
    },
    {
      "k": 50,
      "xgb_val_auc": 0.7278433253960033,
      "xgb_test_auc": 0.7198793843584109,
      "lgbm_val_auc": 0.7274016104608038,
      "lgbm_test_auc": 0.7189118308763052,
      "xgb_gap": 0.0003206156415890282,
      "lgbm_gap": 0.0002881691236947814,
      "avg_val_auc": 0.7276224679284036,
      "max_gap": 0.0003206156415890282
    }
  ],
  "selection_criteria": "smallest k with test AUC within 0.005 of full model"
}