bin_lower,bin_upper,expected_pct,actual_pct,psi_bin,total_psi
100,200,0.0234,0.0287,0.00483,0.01789
200,300,0.0367,0.0342,0.00181,0.01789
300,400,0.0589,0.0612,0.00149,0.01789
400,500,0.0856,0.0923,0.00378,0.01789
500,600,0.1145,0.1201,0.00351,0.01789
600,700,0.1423,0.1367,0.00263,0.01789
700,800,0.1578,0.1489,0.00476,0.01789
800,900,0.1823,0.1812,0.00038,0.01789
900,1000,0.1984,0.1967,0.00091,0.01789
